index,x,y,z
0,0.3325,0.845,1
1,0.455,0.60958,1
2,0.455,0.43375,1
3,0.455,0.25792,1
4,0,0.845,1
5,0,0.60958,1
6,0,0.43375,1
7,0,0.25792,1
8,-0.3325,0.845,1
9,-0.455,0.60958,1
10,-0.455,0.43375,1
11,-0.455,0.25792,1
